{"cameraMode":{"drawMode":0,"name":"Shaded","section":"Shading Mode"},"sceneLighting":true,"audioPlay":false,"sceneViewState":{"m_AlwaysRefresh":false,"showFog":true,"showSkybox":true,"showFlares":true,"showImageEffects":true,"showParticleSystems":true,"showVisualEffectGraphs":true,"m_FxEnabled":true},"in2DMode":false,"pivot":{"x":10.199999809265137,"y":0.8999999761581421,"z":2.8186497688293459},"rotation":{"x":-0.16744567453861237,"y":0.5611785650253296,"z":-0.11715483665466309,"w":-0.8020736575126648},"size":0.6606034636497498,"orthographic":false}